page_size,version,request,sql_queries,notices_returned,lots_returned,latency_ms,timestamp
10,naive,1,11,10,9,26.61,2026-09-23T18:22:20.497
10,naive,2,11,10,9,25.092,2026-09-23T18:22:20.522
10,naive,3,11,10,9,24.958,2026-09-23T18:22:20.548
10,naive,4,11,10,9,89.167,2026-09-23T18:22:20.637
10,naive,5,11,10,9,23.889,2026-09-23T18:22:20.661
10,naive,6,11,10,9,24.156,2026-09-23T18:22:20.685
10,naive,7,11,10,9,22.98,2026-09-23T18:22:20.708
10,naive,8,11,10,9,23.913,2026-09-23T18:22:20.732
10,naive,9,11,10,9,21.291,2026-09-23T18:22:20.753
10,naive,10,11,10,9,25.621,2026-09-23T18:22:20.779
10,naive,11,11,10,9,28.024,2026-09-23T18:22:20.807
10,naive,12,11,10,9,30.173,2026-09-23T18:22:20.837
10,naive,13,11,10,9,21.053,2026-09-23T18:22:20.858
10,naive,14,11,10,9,26.324,2026-09-23T18:22:20.884
10,naive,15,11,10,9,22.854,2026-09-23T18:22:20.908
10,naive,16,11,10,9,26.237,2026-09-23T18:22:20.934
10,naive,17,11,10,9,23.776,2026-09-23T18:22:20.958
10,naive,18,11,10,9,25.954,2026-09-23T18:22:20.984
10,naive,19,11,10,9,22.226,2026-09-23T18:22:21.006
10,naive,20,11,10,9,22.079,2026-09-23T18:22:21.028
10,naive,21,11,10,9,20.141,2026-09-23T18:22:21.049
10,naive,22,11,10,9,19.366,2026-09-23T18:22:21.068
10,naive,23,11,10,9,21.685,2026-09-23T18:22:21.090
10,naive,24,11,10,9,20.108,2026-09-23T18:22:21.110
10,naive,25,11,10,9,19.164,2026-09-23T18:22:21.129
10,naive,26,11,10,9,20.294,2026-09-23T18:22:21.150
10,naive,27,11,10,9,23.742,2026-09-23T18:22:21.173
10,naive,28,11,10,9,22.2,2026-09-23T18:22:21.196
10,naive,29,11,10,9,27.465,2026-09-23T18:22:21.223
10,naive,30,11,10,9,20.201,2026-09-23T18:22:21.243
10,fixed,1,2,10,9,10.386,2026-09-23T18:22:21.275
10,fixed,2,2,10,9,9.359,2026-09-23T18:22:21.285
10,fixed,3,2,10,9,10.874,2026-09-23T18:22:21.296
10,fixed,4,2,10,9,9.423,2026-09-23T18:22:21.305
10,fixed,5,2,10,9,10.508,2026-09-23T18:22:21.316
10,fixed,6,2,10,9,8.635,2026-09-23T18:22:21.325
10,fixed,7,2,10,9,10.504,2026-09-23T18:22:21.335
10,fixed,8,2,10,9,13.104,2026-09-23T18:22:21.348
10,fixed,9,2,10,9,11.24,2026-09-23T18:22:21.360
10,fixed,10,2,10,9,11.971,2026-09-23T18:22:21.372
10,fixed,11,2,10,9,11.953,2026-09-23T18:22:21.384
10,fixed,12,2,10,9,10.483,2026-09-23T18:22:21.394
10,fixed,13,2,10,9,10.366,2026-09-23T18:22:21.404
10,fixed,14,2,10,9,11.332,2026-09-23T18:22:21.416
10,fixed,15,2,10,9,8.916,2026-09-23T18:22:21.425
10,fixed,16,2,10,9,9.277,2026-09-23T18:22:21.434
10,fixed,17,2,10,9,9.028,2026-09-23T18:22:21.443
10,fixed,18,2,10,9,9.709,2026-09-23T18:22:21.453
10,fixed,19,2,10,9,9.122,2026-09-23T18:22:21.462
10,fixed,20,2,10,9,9.492,2026-09-23T18:22:21.472
10,fixed,21,2,10,9,8.822,2026-09-23T18:22:21.481
10,fixed,22,2,10,9,9.079,2026-09-23T18:22:21.490
10,fixed,23,2,10,9,10.383,2026-09-23T18:22:21.500
10,fixed,24,2,10,9,8.586,2026-09-23T18:22:21.509
10,fixed,25,2,10,9,9.031,2026-09-23T18:22:21.518
10,fixed,26,2,10,9,10.051,2026-09-23T18:22:21.528
10,fixed,27,2,10,9,10.182,2026-09-23T18:22:21.539
10,fixed,28,2,10,9,9.965,2026-09-23T18:22:21.548
10,fixed,29,2,10,9,12.099,2026-09-23T18:22:21.561
10,fixed,30,2,10,9,10.532,2026-09-23T18:22:21.571
50,naive,1,51,50,56,91.943,2026-09-23T18:22:21.833
50,naive,2,51,50,56,99.908,2026-09-23T18:22:21.933
50,naive,3,51,50,56,115.859,2026-09-23T18:22:22.049
50,naive,4,51,50,56,110.568,2026-09-23T18:22:22.160
50,naive,5,51,50,56,101.412,2026-09-23T18:22:22.262
50,naive,6,51,50,56,81.339,2026-09-23T18:22:22.344
50,naive,7,51,50,56,96.386,2026-09-23T18:22:22.440
50,naive,8,51,50,56,91.167,2026-09-23T18:22:22.532
50,naive,9,51,50,56,90.37,2026-09-23T18:22:22.622
50,naive,10,51,50,56,95.764,2026-09-23T18:22:22.718
50,naive,11,51,50,56,96.623,2026-09-23T18:22:22.815
50,naive,12,51,50,56,159.36,2026-09-23T18:22:22.975
50,naive,13,51,50,56,108.463,2026-09-23T18:22:23.082
50,naive,14,51,50,56,85.002,2026-09-23T18:22:23.168
50,naive,15,51,50,56,93.087,2026-09-23T18:22:23.261
50,naive,16,51,50,56,136.614,2026-09-23T18:22:23.398
50,naive,17,51,50,56,103.6,2026-09-23T18:22:23.502
50,naive,18,51,50,56,89.255,2026-09-23T18:22:23.592
50,naive,19,51,50,56,86.978,2026-09-23T18:22:23.679
50,naive,20,51,50,56,86.121,2026-09-23T18:22:23.766
50,naive,21,51,50,56,89.823,2026-09-23T18:22:23.856
50,naive,22,51,50,56,84.509,2026-09-23T18:22:23.940
50,naive,23,51,50,56,85.541,2026-09-23T18:22:24.026
50,naive,24,51,50,56,78.456,2026-09-23T18:22:24.104
50,naive,25,51,50,56,80.081,2026-09-23T18:22:24.185
50,naive,26,51,50,56,96.999,2026-09-23T18:22:24.282
50,naive,27,51,50,56,161.593,2026-09-23T18:22:24.444
50,naive,28,51,50,56,99.761,2026-09-23T18:22:24.544
50,naive,29,51,50,56,83.284,2026-09-23T18:22:24.627
50,naive,30,51,50,56,86.376,2026-09-23T18:22:24.714
50,fixed,1,2,50,56,15.327,2026-09-23T18:22:24.759
50,fixed,2,2,50,56,11.937,2026-09-23T18:22:24.771
50,fixed,3,2,50,56,13.19,2026-09-23T18:22:24.784
50,fixed,4,2,50,56,13.656,2026-09-23T18:22:24.798
50,fixed,5,2,50,56,12.1,2026-09-23T18:22:24.810
50,fixed,6,2,50,56,10.925,2026-09-23T18:22:24.821
50,fixed,7,2,50,56,13.435,2026-09-23T18:22:24.835
50,fixed,8,2,50,56,12.565,2026-09-23T18:22:24.848
50,fixed,9,2,50,56,13.223,2026-09-23T18:22:24.862
50,fixed,10,2,50,56,13.137,2026-09-23T18:22:24.875
50,fixed,11,2,50,56,13.678,2026-09-23T18:22:24.889
50,fixed,12,2,50,56,15.712,2026-09-23T18:22:24.905
50,fixed,13,2,50,56,13.708,2026-09-23T18:22:24.920
50,fixed,14,2,50,56,17.234,2026-09-23T18:22:24.937
50,fixed,15,2,50,56,18.624,2026-09-23T18:22:24.956
50,fixed,16,2,50,56,17.757,2026-09-23T18:22:24.974
50,fixed,17,2,50,56,15.837,2026-09-23T18:22:24.990
50,fixed,18,2,50,56,11.177,2026-09-23T18:22:25.002
50,fixed,19,2,50,56,13.517,2026-09-23T18:22:25.016
50,fixed,20,2,50,56,12.721,2026-09-23T18:22:25.029
50,fixed,21,2,50,56,12.366,2026-09-23T18:22:25.042
50,fixed,22,2,50,56,16.841,2026-09-23T18:22:25.058
50,fixed,23,2,50,56,17.266,2026-09-23T18:22:25.076
50,fixed,24,2,50,56,19.688,2026-09-23T18:22:25.096
50,fixed,25,2,50,56,19.56,2026-09-23T18:22:25.116
50,fixed,26,2,50,56,18.941,2026-09-23T18:22:25.135
50,fixed,27,2,50,56,18.441,2026-09-23T18:22:25.154
50,fixed,28,2,50,56,11.681,2026-09-23T18:22:25.166
50,fixed,29,2,50,56,16.252,2026-09-23T18:22:25.180
50,fixed,30,2,50,56,14.26,2026-09-23T18:22:25.197
200,naive,1,201,200,200,275.995,2026-09-23T18:22:26.049
200,naive,2,201,200,200,264.911,2026-09-23T18:22:26.315
200,naive,3,201,200,200,318.932,2026-09-23T18:22:26.634
200,naive,4,201,200,200,328.169,2026-09-23T18:22:26.963
200,naive,5,201,200,200,428.965,2026-09-23T18:22:27.392
200,naive,6,201,200,200,377.654,2026-09-23T18:22:27.771
200,naive,7,201,200,200,629.381,2026-09-23T18:22:28.402
200,naive,8,201,200,200,909.904,2026-09-23T18:22:29.314
200,naive,9,201,200,200,769.4,2026-09-23T18:22:30.084
200,naive,10,201,200,200,672.996,2026-09-23T18:22:30.758
200,naive,11,201,200,200,700.096,2026-09-23T18:22:31.460
200,naive,12,201,200,200,756.443,2026-09-23T18:22:32.218
200,naive,13,201,200,200,754.631,2026-09-23T18:22:32.974
200,naive,14,201,200,200,646.946,2026-09-23T18:22:33.622
200,naive,15,201,200,200,672.465,2026-09-23T18:22:34.296
200,naive,16,201,200,200,648.007,2026-09-23T18:22:34.945
200,naive,17,201,200,200,572.634,2026-09-23T18:22:35.519
200,naive,18,201,200,200,653.776,2026-09-23T18:22:36.174
200,naive,19,201,200,200,732.562,2026-09-23T18:22:36.907
200,naive,20,201,200,200,821.314,2026-09-23T18:22:37.730
200,naive,21,201,200,200,1108.526,2026-09-23T18:22:38.841
200,naive,22,201,200,200,575.371,2026-09-23T18:22:39.417
200,naive,23,201,200,200,537.151,2026-09-23T18:22:39.955
200,naive,24,201,200,200,535.989,2026-09-23T18:22:40.492
200,naive,25,201,200,200,683.84,2026-09-23T18:22:41.177
200,naive,26,201,200,200,642.666,2026-09-23T18:22:41.820
200,naive,27,201,200,200,753.667,2026-09-23T18:22:42.575
200,naive,28,201,200,200,681.113,2026-09-23T18:22:43.258
200,naive,29,201,200,200,516.885,2026-09-23T18:22:43.776
200,naive,30,201,200,200,454.231,2026-09-23T18:22:44.231
200,fixed,1,2,200,200,31.335,2026-09-23T18:22:44.344
200,fixed,2,2,200,200,28.266,2026-09-23T18:22:44.373
200,fixed,3,2,200,200,35.442,2026-09-23T18:22:44.409
200,fixed,4,2,200,200,83.007,2026-09-23T18:22:44.493
200,fixed,5,2,200,200,30.54,2026-09-23T18:22:44.525
200,fixed,6,2,200,200,35.281,2026-09-23T18:22:44.561
200,fixed,7,2,200,200,32.114,2026-09-23T18:22:44.595
200,fixed,8,2,200,200,30.532,2026-09-23T18:22:44.626
200,fixed,9,2,200,200,30.813,2026-09-23T18:22:44.657
200,fixed,10,2,200,200,33.157,2026-09-23T18:22:44.691
200,fixed,11,2,200,200,33.682,2026-09-23T18:22:44.726
200,fixed,12,2,200,200,31.655,2026-09-23T18:22:44.758
200,fixed,13,2,200,200,27.268,2026-09-23T18:22:44.787
200,fixed,14,2,200,200,31.371,2026-09-23T18:22:44.819
200,fixed,15,2,200,200,28.913,2026-09-23T18:22:44.849
200,fixed,16,2,200,200,32.304,2026-09-23T18:22:44.883
200,fixed,17,2,200,200,26.852,2026-09-23T18:22:44.910
200,fixed,18,2,200,200,34.075,2026-09-23T18:22:44.945
200,fixed,19,2,200,200,31.473,2026-09-23T18:22:44.978
200,fixed,20,2,200,200,36.226,2026-09-23T18:22:45.015
200,fixed,21,2,200,200,33.313,2026-09-23T18:22:45.049
200,fixed,22,2,200,200,33.299,2026-09-23T18:22:45.084
200,fixed,23,2,200,200,78.498,2026-09-23T18:22:45.164
200,fixed,24,2,200,200,32.862,2026-09-23T18:22:45.198
200,fixed,25,2,200,200,32.27,2026-09-23T18:22:45.231
200,fixed,26,2,200,200,41.031,2026-09-23T18:22:45.274
200,fixed,27,2,200,200,39.851,2026-09-23T18:22:45.315
200,fixed,28,2,200,200,32.04,2026-09-23T18:22:45.348
200,fixed,29,2,200,200,38.12,2026-09-23T18:22:45.387
200,fixed,30,2,200,200,27.016,2026-09-23T18:22:45.414
