failure_rate,call,notice_id,attempts,draws,ok,latency_ms,error
0.0,1,4801,1,S,True,429.65,
0.0,2,4802,1,S,True,51.77,
0.0,3,4803,1,S,True,53.91,
0.0,4,4804,1,S,True,94.13,
0.0,5,4805,1,S,True,58.45,
0.0,6,4806,1,S,True,46.74,
0.0,7,4807,1,S,True,47.27,
0.0,8,4808,1,S,True,51.98,
0.0,9,4809,1,S,True,50.5,
0.0,10,4810,1,S,True,55.11,
0.0,11,4811,1,S,True,44.84,
0.0,12,4812,1,S,True,43.29,
0.0,13,4813,1,S,True,27.43,
0.0,14,4814,1,S,True,25.63,
0.0,15,4815,1,S,True,23.31,
0.0,16,4816,1,S,True,22.93,
0.0,17,4817,1,S,True,21.68,
0.0,18,4818,1,S,True,21.39,
0.0,19,4819,1,S,True,26.86,
0.0,20,4820,1,S,True,32.75,
0.0,21,4821,1,S,True,32.89,
0.0,22,4822,1,S,True,25.57,
0.0,23,4823,1,S,True,29.85,
0.0,24,4824,1,S,True,44.56,
0.0,25,4825,1,S,True,27.44,
0.0,26,4826,1,S,True,28.82,
0.0,27,4827,1,S,True,29.92,
0.0,28,4828,1,S,True,34.79,
0.0,29,4829,1,S,True,27.54,
0.0,30,4830,1,S,True,34.92,
0.0,31,4831,1,S,True,27.69,
0.0,32,4832,1,S,True,23.4,
0.0,33,4833,1,S,True,37.69,
0.0,34,4834,1,S,True,26.56,
0.0,35,4835,1,S,True,44.82,
0.0,36,4836,1,S,True,26.43,
0.0,37,4837,1,S,True,26.17,
0.0,38,4838,1,S,True,27.61,
0.0,39,4839,1,S,True,27.42,
0.0,40,4840,1,S,True,30.23,
0.0,41,4841,1,S,True,19.31,
0.0,42,4842,1,S,True,18.57,
0.0,43,4843,1,S,True,18.14,
0.0,44,4844,1,S,True,26.24,
0.0,45,4845,1,S,True,25.23,
0.0,46,4846,1,S,True,24.25,
0.0,47,4847,1,S,True,26.28,
0.0,48,4848,1,S,True,23.71,
0.0,49,4849,1,S,True,31.15,
0.0,50,4850,1,S,True,23.89,
0.2,1,4801,1,S,True,28.31,
0.2,2,4802,1,S,True,26.25,
0.2,3,4803,1,S,True,22.73,
0.2,4,4804,2,FS,True,234.36,
0.2,5,4805,1,S,True,23.24,
0.2,6,4806,1,S,True,18.59,
0.2,7,4807,3,FFS,True,624.37,
0.2,8,4808,1,S,True,20.97,
0.2,9,4809,2,FS,True,226.98,
0.2,10,4810,1,S,True,23.03,
0.2,11,4811,1,S,True,23.69,
0.2,12,4812,1,S,True,24.57,
0.2,13,4813,1,S,True,17.44,
0.2,14,4814,2,FS,True,217.58,
0.2,15,4815,2,FS,True,227.04,
0.2,16,4816,1,S,True,23.96,
0.2,17,4817,2,FS,True,216.45,
0.2,18,4818,1,S,True,14.13,
0.2,19,4819,1,S,True,15.54,
0.2,20,4820,1,S,True,15.42,
0.2,21,4821,2,FS,True,217.05,
0.2,22,4822,3,FFS,True,624.18,
0.2,23,4823,1,S,True,19.54,
0.2,24,4824,1,S,True,22.46,
0.2,25,4825,1,S,True,23.04,
0.2,26,4826,2,FS,True,217.97,
0.2,27,4827,1,S,True,17.27,
0.2,28,4828,1,S,True,27.93,
0.2,29,4829,1,S,True,27.02,
0.2,30,4830,1,S,True,36.52,
0.2,31,4831,1,S,True,25.0,
0.2,32,4832,1,S,True,36.62,
0.2,33,4833,1,S,True,42.45,
0.2,34,4834,1,S,True,39.69,
0.2,35,4835,1,S,True,33.11,
0.2,36,4836,1,S,True,50.99,
0.2,37,4837,1,S,True,19.38,
0.2,38,4838,1,S,True,20.64,
0.2,39,4839,1,S,True,18.19,
0.2,40,4840,2,FS,True,219.43,
0.2,41,4841,1,S,True,17.53,
0.2,42,4842,1,S,True,19.68,
0.2,43,4843,1,S,True,22.26,
0.2,44,4844,1,S,True,25.99,
0.2,45,4845,2,FS,True,224.36,
0.2,46,4846,1,S,True,16.19,
0.2,47,4847,1,S,True,15.3,
0.2,48,4848,1,S,True,19.3,
0.2,49,4849,1,S,True,14.73,
0.2,50,4850,1,S,True,16.48,
0.5,1,4801,2,FS,True,221.53,
0.5,2,4802,3,FFF,False,602.56,storage error: injected failure
0.5,3,4803,3,FFF,False,610.54,storage error: injected failure
0.5,4,4804,2,FS,True,224.64,
0.5,5,4805,3,FFS,True,672.08,
0.5,6,4806,1,S,True,56.3,
0.5,7,4807,2,FS,True,236.16,
0.5,8,4808,3,FFF,False,604.92,storage error: injected failure
0.5,9,4809,3,FFF,False,620.11,storage error: injected failure
0.5,10,4810,3,FFF,False,610.1,storage error: injected failure
0.5,11,4811,3,FFF,False,620.3,storage error: injected failure
0.5,12,4812,1,S,True,18.55,
0.5,13,4813,3,FFS,True,623.15,
0.5,14,4814,1,S,True,15.63,
0.5,15,4815,1,S,True,15.29,
0.5,16,4816,3,FFS,True,623.27,
0.5,17,4817,2,FS,True,216.77,
0.5,18,4818,1,S,True,20.16,
0.5,19,4819,2,FS,True,217.76,
0.5,20,4820,1,S,True,20.48,
0.5,21,4821,3,FFF,False,601.44,storage error: injected failure
0.5,22,4822,3,FFS,True,618.63,
0.5,23,4823,3,FFS,True,633.31,
0.5,24,4824,3,FFF,False,602.79,storage error: injected failure
0.5,25,4825,1,S,True,79.46,
0.5,26,4826,3,FFS,True,618.03,
0.5,27,4827,1,S,True,15.89,
0.5,28,4828,1,S,True,16.95,
0.5,29,4829,1,S,True,19.03,
0.5,30,4830,3,FFS,True,640.69,
0.5,31,4831,3,FFS,True,625.7,
0.5,32,4832,3,FFS,True,656.03,
0.5,33,4833,1,S,True,24.81,
0.5,34,4834,3,FFF,False,603.84,storage error: injected failure
0.5,35,4835,1,S,True,15.6,
0.5,36,4836,2,FS,True,214.66,
0.5,37,4837,3,FFF,False,610.08,storage error: injected failure
0.5,38,4838,2,FS,True,214.92,
0.5,39,4839,1,S,True,13.29,
0.5,40,4840,1,S,True,11.63,
0.5,41,4841,1,S,True,12.02,
0.5,42,4842,3,FFS,True,642.19,
0.5,43,4843,1,S,True,123.76,
0.5,44,4844,2,FS,True,283.4,
0.5,45,4845,1,S,True,53.14,
0.5,46,4846,3,FFF,False,603.81,storage error: injected failure
0.5,47,4847,2,FS,True,237.64,
0.5,48,4848,3,FFS,True,630.98,
0.5,49,4849,2,FS,True,226.63,
0.5,50,4850,1,S,True,33.18,
